{
  "project_info": {
    "project_number": "588625913621",
    "firebase_url": "https://causefairy-63264.firebaseio.com",
    "project_id": "causefairy-63264",
    "storage_bucket": "causefairy-63264.appspot.com"
  },
  "client": [
    {
      "client_info": {
        "mobilesdk_app_id": "1:588625913621:android:c3344a793beee89551ab1c",
        "android_client_info": {
          "package_name": "com.example.causefairy"
        }
      },
      "oauth_client": [
        {
          "client_id": "588625913621-scs6c07sjbildm2dmto3emu8kvgbk6uh.apps.googleusercontent.com",
          "client_type": 1,
          "android_info": {
            "package_name": "com.example.causefairy",
            "certificate_hash": "38c83cd38cc5b12857d3a4b173db8fb4c5ac67b5"
          }
        },
        {
          "client_id": "588625913621-3lhs65av4r6j8ho8rmeq05lpcqb8seo5.apps.googleusercontent.com",
          "client_type": 3
        }
      ],
      "api_key": [
        {
          "current_key": "AIzaSyAH7Xf94tysXGHNYJ_LKXCEOd-ithKRccI"
        }
      ],
      "services": {
        "appinvite_service": {
          "other_platform_oauth_client": [
            {
              "client_id": "588625913621-3lhs65av4r6j8ho8rmeq05lpcqb8seo5.apps.googleusercontent.com",
              "client_type": 3
            }
          ]
        }
      }
    }
  ],
  "configuration_version": "1"
}